Workbook

Sheet LEGEND
A1: Column | B1: Header | D1: Category_List | E1: Handling_List | F1: Hazmat_List | H1: Class | I1: Max % | J1: ABC Slotting Decisions | L1: Pick Zone | M1: Pick_Face_Cube
A2: A | B2: SKU | D2: Fasteners | E2: Each | F2: N | H2: A | I2: 0.7 | J2: A items → Fast pick zones, golden zone | L2: Fast | M2: 3
A3: B | B3: Description | D3: Plumbing | E3: Case | F3: Y | H3: B | I3: 0.9 | J3: B items → Standard flow | L3: Medium | M3: 5
A4: C | B4: Weekly_Picks | D4: Tools | E4: Bulk | H4: C | I4: 1 | J4: C items → Reserve / higher reach / deeper storage | L4: Reserve | M4: 10
A5: D | B5: Unit_Cube | D5: Electrical | L5: Reserve – Hazmat | M5: 12
A6: E | B6: Unit_Weight | D6: Safety
A7: F | B7: Current_Location | D7: Paint
A8: G | B8: Pick_Zone | D8: Sealants
A9: H | B9: Replen_Frequency

Sheet Data_Raw
A1: SKU | B1: Description | C1: Weekly_Picks | D1: Unit_Cube | E1: Pick_Face_Cube | F1: Units_Per_Pick_Face | G1: Pick_Face_Utilization_% | H1: Over_Sat_Flag | I1: Unit_Weight | J1: Current_Location | K1: Pick_Zone | L1: Replen_Frequency | M1: Category_Controlled | N1: Handling_Type_Controlled | O1: Hazmat_YN_Controlled | P1: Category_Lookup | Q1: Handling_Type_Lookup | R1: Hazmat_YN_Lookup | S1: ABC_Class | T1: Slotting_Zone_Recommended | U1: Seasonal_Flag
A2: SKU-1001 | B2: Hex Bolt 1/2" | C2: 420 | D2: 0.02 | E2: =IFERROR(VLOOKUP(Table1[[#This Row],[Slotting_Zone_Recommended]],LEGEND!$L$2:$M$5,2,FALSE),"") -> 3 | F2: =IFERROR(E2/D2,0) -> 150 | G2: =IFERROR(C2/F2,0) -> 2.8 | H2: =IF(AND(G2>1,O2="Y"),"Hazmat Risk", IF(G2>2,"Over Capacity", IF(G2>=1,"At Capacity","Within Limits"))) -> Over Capacity | I2: 1.2 | J2: A-01-01 | K2: Fast | L2: Daily | M2: Fasteners | N2: Each | O2: N | P2: =VLOOKUP(A2, 'Calculations 1'!$A$2:$D$31, 2, FALSE) -> Fasteners | Q2: =VLOOKUP(A2, 'Calculations 1'!$A$2:$D$31, 3, FALSE) -> Each | R2: =VLOOKUP(A2, 'Calculations 1'!$A$2:$D$31, 4, FALSE) -> N | S2: =VLOOKUP(Table1[[#This Row],[SKU]],'Calculations 2'!$A$2:$E$31,5,FALSE) -> A | T2: =IF(R2="Y","Reserve – Hazmat",IF(S2="A","Fast",IF(S2="B","Medium","Reserve"))) -> Fast | U2: =IF(AND(O2="N",G2>5,OR(K2="Slow",K2="Medium"),L2<>"Daily"),"Seasonal / Temporary","Core") -> Core
A3: SKU-1002 | B3: Washer 1/2" | C3: 380 | D3: 0.01 | E3: =IFERROR(VLOOKUP(Table1[[#This Row],[Slotting_Zone_Recommended]],LEGEND!$L$2:$M$5,2,FALSE),"") -> 3 | F3: =IFERROR(E3/D3,0) -> 300 | G3: =IFERROR(C3/F3,0) -> 1.2666667 | H3: =IF(AND(G3>1,O3="Y"),"Hazmat Risk", IF(G3>2,"Over Capacity", IF(G3>=1,"At Capacity","Within Limits"))) -> At Capacity | I3: 0.4 | J3: A-01-02 | K3: Fast | L3: Daily | M3: Fasteners | N3: Each | O3: N | P3: =VLOOKUP(A3, 'Calculations 1'!$A$2:$D$31, 2, FALSE) -> Fasteners | Q3: =VLOOKUP(A3, 'Calculations 1'!$A$2:$D$31, 3, FALSE) -> Each | R3: =VLOOKUP(A3, 'Calculations 1'!$A$2:$D$31, 4, FALSE) -> N | S3: =VLOOKUP(Table1[[#This Row],[SKU]],'Calculations 2'!$A$2:$E$31,5,FALSE) -> A | T3: =IF(R3="Y","Reserve – Hazmat",IF(S3="A","Fast",IF(S3="B","Medium","Reserve"))) -> Fast | U3: =IF(AND(O3="N",G3>5,OR(K3="Slow",K3="Medium"),L3<>"Daily"),"Seasonal / Temporary","Core") -> Core
A4: SKU-1010 | B4: PVC Elbow 2" | C4: 140 | D4: 0.15 | E4: =IFERROR(VLOOKUP(Table1[[#This Row],[Slotting_Zone_Recommended]],LEGEND!$L$2:$M$5,2,FALSE),"") -> 5 | F4: =IFERROR(E4/D4,0) -> 33.333333 | G4: =IFERROR(C4/F4,0) -> 4.2 | H4: =IF(AND(G4>1,O4="Y"),"Hazmat Risk", IF(G4>2,"Over Capacity", IF(G4>=1,"At Capacity","Within Limits"))) -> Over Capacity | I4: 2.5 | J4: B-03-04 | K4: Medium | L4: Weekly | M4: Plumbing | N4: Each | O4: N | P4: =VLOOKUP(A4, 'Calculations 1'!$A$2:$D$31, 2, FALSE) -> Plumbing | Q4: =VLOOKUP(A4, 'Calculations 1'!$A$2:$D$31, 3, FALSE) -> Each | R4: =VLOOKUP(A4, 'Calculations 1'!$A$2:$D$31, 4, FALSE) -> N | S4: =VLOOKUP(Table1[[#This Row],[SKU]],'Calculations 2'!$A$2:$E$31,5,FALSE) -> B | T4: =IF(R4="Y","Reserve – Hazmat",IF(S4="A","Fast",IF(S4="B","Medium","Reserve"))) -> Medium | U4: =IF(AND(O4="N",G4>5,OR(K4="Slow",K4="Medium"),L4<>"Daily"),"Seasonal / Temporary","Core") -> Core
A5: SKU-1022 | B5: Copper Tee 3/4" | C5: 95 | D5: 0.12 | E5: =IFERROR(VLOOKUP(Table1[[#This Row],[Slotting_Zone_Recommended]],LEGEND!$L$2:$M$5,2,FALSE),"") -> 5 | F5: =IFERROR(E5/D5,0) -> 41.666667 | G5: =IFERROR(C5/F5,0) -> 2.28 | H5: =IF(AND(G5>1,O5="Y"),"Hazmat Risk", IF(G5>2,"Over Capacity", IF(G5>=1,"At Capacity","Within Limits"))) -> Over Capacity | I5: 2.1 | J5: B-04-01 | K5: Medium | L5: Weekly | M5: Plumbing | N5: Each | O5: N | P5: =VLOOKUP(A5, 'Calculations 1'!$A$2:$D$31, 2, FALSE) -> Plumbing | Q5: =VLOOKUP(A5, 'Calculations 1'!$A$2:$D$31, 3, FALSE) -> Each | R5: =VLOOKUP(A5, 'Calculations 1'!$A$2:$D$31, 4, FALSE) -> N | S5: =VLOOKUP(Table1[[#This Row],[SKU]],'Calculations 2'!$A$2:$E$31,5,FALSE) -> B | T5: =IF(R5="Y","Reserve – Hazmat",IF(S5="A","Fast",IF(S5="B","Medium","Reserve"))) -> Medium | U5: =IF(AND(O5="N",G5>5,OR(K5="Slow",K5="Medium"),L5<>"Daily"),"Seasonal / Temporary","Core") -> Core
A6: SKU-1040 | B6: Tool Bag | C6: 40 | D6: 0.6 | E6: =IFERROR(VLOOKUP(Table1[[#This Row],[Slotting_Zone_Recommended]],LEGEND!$L$2:$M$5,2,FALSE),"") -> 10 | F6: =IFERROR(E6/D6,0) -> 16.666667 | G6: =IFERROR(C6/F6,0) -> 2.4 | H6: =IF(AND(G6>1,O6="Y"),"Hazmat Risk", IF(G6>2,"Over Capacity", IF(G6>=1,"At Capacity","Within Limits"))) -> Over Capacity | I6: 6 | J6: C-07-02 | K6: Slow | L6: Monthly | M6: Tools | N6: Each | O6: N | P6: =VLOOKUP(A6, 'Calculations 1'!$A$2:$D$31, 2, FALSE) -> Tools | Q6: =VLOOKUP(A6, 'Calculations 1'!$A$2:$D$31, 3, FALSE) -> Each | R6: =VLOOKUP(A6, 'Calculations 1'!$A$2:$D$31, 4, FALSE) -> N | S6: =VLOOKUP(Table1[[#This Row],[SKU]],'Calculations 2'!$A$2:$E$31,5,FALSE) -> C | T6: =IF(R6="Y","Reserve – Hazmat",IF(S6="A","Fast",IF(S6="B","Medium","Reserve"))) -> Reserve | U6: =IF(AND(O6="N",G6>5,OR(K6="Slow",K6="Medium"),L6<>"Daily"),"Seasonal / Temporary","Core") -> Core
A7: SKU-1051 | B7: Hex Nut 1/2" | C7: 410 | D7: 0.01 | E7: =IFERROR(VLOOKUP(Table1[[#This Row],[Slotting_Zone_Recommended]],LEGEND!$L$2:$M$5,2,FALSE),"") -> 3 | F7: =IFERROR(E7/D7,0) -> 300 | G7: =IFERROR(C7/F7,0) -> 1.3666667 | H7: =IF(AND(G7>1,O7="Y"),"Hazmat Risk", IF(G7>2,"Over Capacity", IF(G7>=1,"At Capacity","Within Limits"))) -> At Capacity | I7: 0.3 | J7: A-01-03 | K7: Fast | L7: Daily | M7: Fasteners | N7: Each | O7: N | P7: =VLOOKUP(A7, 'Calculations 1'!$A$2:$D$31, 2, FALSE) -> Fasteners | Q7: =VLOOKUP(A7, 'Calculations 1'!$A$2:$D$31, 3, FALSE) -> Each | R7: =VLOOKUP(A7, 'Calculations 1'!$A$2:$D$31, 4, FALSE) -> N | S7: =VLOOKUP(Table1[[#This Row],[SKU]],'Calculations 2'!$A$2:$E$31,5,FALSE) -> A | T7: =IF(R7="Y","Reserve – Hazmat",IF(S7="A","Fast",IF(S7="B","Medium","Reserve"))) -> Fast | U7: =IF(AND(O7="N",G7>5,OR(K7="Slow",K7="Medium"),L7<>"Daily"),"Seasonal / Temporary","Core") -> Core
A8: SKU-1058 | B8: Flat Washer 3/8" | C8: 360 | D8: 0.01 | E8: =IFERROR(VLOOKUP(Table1[[#This Row],[Slotting_Zone_Recommended]],LEGEND!$L$2:$M$5,2,FALSE),"") -> 3 | F8: =IFERROR(E8/D8,0) -> 300 | G8: =IFERROR(C8/F8,0) -> 1.2 | H8: =IF(AND(G8>1,O8="Y"),"Hazmat Risk", IF(G8>2,"Over Capacity", IF(G8>=1,"At Capacity","Within Limits"))) -> At Capacity | I8: 0.2 | J8: A-01-04 | K8: Fast | L8: Daily | M8: Fasteners | N8: Each | O8: N | P8: =VLOOKUP(A8, 'Calculations 1'!$A$2:$D$31, 2, FALSE) -> Fasteners | Q8: =VLOOKUP(A8, 'Calculations 1'!$A$2:$D$31, 3, FALSE) -> Each | R8: =VLOOKUP(A8, 'Calculations 1'!$A$2:$D$31, 4, FALSE) -> N | S8: =VLOOKUP(Table1[[#This Row],[SKU]],'Calculations 2'!$A$2:$E$31,5,FALSE) -> A | T8: =IF(R8="Y","Reserve – Hazmat",IF(S8="A","Fast",IF(S8="B","Medium","Reserve"))) -> Fast | U8: =IF(AND(O8="N",G8>5,OR(K8="Slow",K8="Medium"),L8<>"Daily"),"Seasonal / Temporary","Core") -> Core
A9: SKU-1065 | B9: Threaded Rod 3 ft | C9: 120 | D9: 0.25 | E9: =IFERROR(VLOOKUP(Table1[[#This Row],[Slotting_Zone_Recommended]],LEGEND!$L$2:$M$5,2,FALSE),"") -> 5 | F9: =IFERROR(E9/D9,0) -> 20 | G9: =IFERROR(C9/F9,0) -> 6 | H9: =IF(AND(G9>1,O9="Y"),"Hazmat Risk", IF(G9>2,"Over Capacity", IF(G9>=1,"At Capacity","Within Limits"))) -> Over Capacity | I9: 4.8 | J9: B-02-02 | K9: Medium | L9: Weekly | M9: Fasteners | N9: Each | O9: N | P9: =VLOOKUP(A9, 'Calculations 1'!$A$2:$D$31, 2, FALSE) -> Fasteners | Q9: =VLOOKUP(A9, 'Calculations 1'!$A$2:$D$31, 3, FALSE) -> Each | R9: =VLOOKUP(A9, 'Calculations 1'!$A$2:$D$31, 4, FALSE) -> N | S9: =VLOOKUP(Table1[[#This Row],[SKU]],'Calculations 2'!$A$2:$E$31,5,FALSE) -> B | T9: =IF(R9="Y","Reserve – Hazmat",IF(S9="A","Fast",IF(S9="B","Medium","Reserve"))) -> Medium | U9: =IF(AND(O9="N",G9>5,OR(K9="Slow",K9="Medium"),L9<>"Daily"),"Seasonal / Temporary","Core") -> Seasonal / Temporary
A10: SKU-1073 | B10: PVC Pipe 2" x 10 ft | C10: 35 | D10: 1.8 | E10: =IFERROR(VLOOKUP(Table1[[#This Row],[Slotting_Zone_Recommended]],LEGEND!$L$2:$M$5,2,FALSE),"") -> 10 | F10: =IFERROR(E10/D10,0) -> 5.5555556 | G10: =IFERROR(C10/F10,0) -> 6.3 | H10: =IF(AND(G10>1,O10="Y"),"Hazmat Risk", IF(G10>2,"Over Capacity", IF(G10>=1,"At Capacity","Within Limits"))) -> Over Capacity | I10: 18 | J10: D-01-01 | K10: Slow | L10: Monthly | M10: Plumbing | N10: Bulk | O10: N | P10: =VLOOKUP(A10, 'Calculations 1'!$A$2:$D$31, 2, FALSE) -> Plumbing | Q10: =VLOOKUP(A10, 'Calculations 1'!$A$2:$D$31, 3, FALSE) -> Bulk | R10: =VLOOKUP(A10, 'Calculations 1'!$A$2:$D$31, 4, FALSE) -> N | S10: =VLOOKUP(Table1[[#This Row],[SKU]],'Calculations 2'!$A$2:$E$31,5,FALSE) -> C | T10: =IF(R10="Y","Reserve – Hazmat",IF(S10="A","Fast",IF(S10="B","Medium","Reserve"))) -> Reserve | U10: =IF(AND(O10="N",G10>5,OR(K10="Slow",K10="Medium"),L10<>"Daily"),"Seasonal / Temporary","Core") -> Seasonal / Temporary
A11: SKU-1081 | B11: Electrical Conduit 1" | C11: 90 | D11: 0.75 | E11: =IFERROR(VLOOKUP(Table1[[#This Row],[Slotting_Zone_Recommended]],LEGEND!$L$2:$M$5,2,FALSE),"") -> 5 | F11: =IFERROR(E11/D11,0) -> 6.6666667 | G11: =IFERROR(C11/F11,0) -> 13.5 | H11: =IF(AND(G11>1,O11="Y"),"Hazmat Risk", IF(G11>2,"Over Capacity", IF(G11>=1,"At Capacity","Within Limits"))) -> Over Capacity | I11: 9.5 | J11: C-03-01 | K11: Medium | L11: Monthly | M11: Electrical | N11: Bulk | O11: N | P11: =VLOOKUP(A11, 'Calculations 1'!$A$2:$D$31, 2, FALSE) -> Electrical | Q11: =VLOOKUP(A11, 'Calculations 1'!$A$2:$D$31, 3, FALSE) -> Bulk | R11: =VLOOKUP(A11, 'Calculations 1'!$A$2:$D$31, 4, FALSE) -> N | S11: =VLOOKUP(Table1[[#This Row],[SKU]],'Calculations 2'!$A$2:$E$31,5,FALSE) -> B | T11: =IF(R11="Y","Reserve – Hazmat",IF(S11="A","Fast",IF(S11="B","Medium","Reserve"))) -> Medium | U11: =IF(AND(O11="N",G11>5,OR(K11="Slow",K11="Medium"),L11<>"Daily"),"Seasonal / Temporary","Core") -> Seasonal / Temporary
A12: SKU-1090 | B12: Wire Nuts (Pack of 50) | C12: 260 | D12: 0.05 | E12: =IFERROR(VLOOKUP(Table1[[#This Row],[Slotting_Zone_Recommended]],LEGEND!$L$2:$M$5,2,FALSE),"") -> 3 | F12: =IFERROR(E12/D12,0) -> 60 | G12: =IFERROR(C12/F12,0) -> 4.3333333 | H12: =IF(AND(G12>1,O12="Y"),"Hazmat Risk", IF(G12>2,"Over Capacity", IF(G12>=1,"At Capacity","Within Limits"))) -> Over Capacity | I12: 1 | J12: A-02-01 | K12: Fast | L12: Weekly | M12: Electrical | N12: Case | O12: N | P12: =VLOOKUP(A12, 'Calculations 1'!$A$2:$D$31, 2, FALSE) -> Electrical | Q12: =VLOOKUP(A12, 'Calculations 1'!$A$2:$D$31, 3, FALSE) -> Case | R12: =VLOOKUP(A12, 'Calculations 1'!$A$2:$D$31, 4, FALSE) -> N | S12: =VLOOKUP(Table1[[#This Row],[SKU]],'Calculations 2'!$A$2:$E$31,5,FALSE) -> A | T12: =IF(R12="Y","Reserve – Hazmat",IF(S12="A","Fast",IF(S12="B","Medium","Reserve"))) -> Fast | U12: =IF(AND(O12="N",G12>5,OR(K12="Slow",K12="Medium"),L12<>"Daily"),"Seasonal / Temporary","Core") -> Core
A13: SKU-1097 | B13: Electrical Tape | C13: 240 | D13: 0.04 | E13: =IFERROR(VLOOKUP(Table1[[#This Row],[Slotting_Zone_Recommended]],LEGEND!$L$2:$M$5,2,FALSE),"") -> 3 | F13: =IFERROR(E13/D13,0) -> 75 | G13: =IFERROR(C13/F13,0) -> 3.2 | H13: =IF(AND(G13>1,O13="Y"),"Hazmat Risk", IF(G13>2,"Over Capacity", IF(G13>=1,"At Capacity","Within Limits"))) -> Over Capacity | I13: 0.6 | J13: A-02-02 | K13: Fast | L13: Weekly | M13: Electrical | N13: Each | O13: N | P13: =VLOOKUP(A13, 'Calculations 1'!$A$2:$D$31, 2, FALSE) -> Electrical | Q13: =VLOOKUP(A13, 'Calculations 1'!$A$2:$D$31, 3, FALSE) -> Each | R13: =VLOOKUP(A13, 'Calculations 1'!$A$2:$D$31, 4, FALSE) -> N | S13: =VLOOKUP(Table1[[#This Row],[SKU]],'Calculations 2'!$A$2:$E$31,5,FALSE) -> A | T13: =IF(R13="Y","Reserve – Hazmat",IF(S13="A","Fast",IF(S13="B","Medium","Reserve"))) -> Fast | U13: =IF(AND(O13="N",G13>5,OR(K13="Slow",K13="Medium"),L13<>"Daily"),"Seasonal / Temporary","Core") -> Core
... A31: SKU-1275 | B31: Silicone Sealant | C31: 155 | D31: 0.14 | E31: =IFERROR(VLOOKUP(Table1[[#This Row],[Slotting_Zone_Recommended]],LEGEND!$L$2:$M$5,2,FALSE),"") -> 12 | F31: =IFERROR(E31/D31,0) -> 85.714286 | G31: =IFERROR(C31/F31,0) -> 1.8083333 | H31: =IF(AND(G31>1,O31="Y"),"Hazmat Risk", IF(G31>2,"Over Capacity", IF(G31>=1,"At Capacity","Within Limits"))) -> Hazmat Risk | I31: 1.6 | J31: A-04-02 | K31: Fast | L31: Weekly | M31: Sealants | N31: Each | O31: Y | P31: =VLOOKUP(A31, 'Calculations 1'!$A$2:$D$31, 2, FALSE) -> Sealants | Q31: =VLOOKUP(A31, 'Calculations 1'!$A$2:$D$31, 3, FALSE) -> Each | R31: =VLOOKUP(A31, 'Calculations 1'!$A$2:$D$31, 4, FALSE) -> Y | S31: =VLOOKUP(Table1[[#This Row],[SKU]],'Calculations 2'!$A$2:$E$31,5,FALSE) -> B | T31: =IF(R31="Y","Reserve – Hazmat",IF(S31="A","Fast",IF(S31="B","Medium","Reserve"))) -> Reserve – Hazmat | U31: =IF(AND(O31="N",G31>5,OR(K31="Slow",K31="Medium"),L31<>"Daily"),"Seasonal / Temporary","Core") -> Core

Sheet Calculations 1
A1: SKU | B1: Category | C1: Handling_Type | D1: Hazmat_YN | E1: Weekly_Picks | F1: %_of_Total | G1: Cumulative_%
A2: SKU-1001 | B2: Fasteners | C2: Each | D2: N
A3: SKU-1002 | B3: Fasteners | C3: Each | D3: N
A4: SKU-1010 | B4: Plumbing | C4: Each | D4: N
A5: SKU-1022 | B5: Plumbing | C5: Each | D5: N
A6: SKU-1040 | B6: Tools | C6: Each | D6: N
A7: SKU-1051 | B7: Fasteners | C7: Each | D7: N
A8: SKU-1058 | B8: Fasteners | C8: Each | D8: N
A9: SKU-1065 | B9: Fasteners | C9: Each | D9: N
A10: SKU-1073 | B10: Plumbing | C10: Bulk | D10: N
A11: SKU-1081 | B11: Electrical | C11: Bulk | D11: N
A12: SKU-1090 | B12: Electrical | C12: Case | D12: N
A13: SKU-1097 | B13: Electrical | C13: Each | D13: N
... A31: SKU-1275 | B31: Sealants | C31: Each | D31: Y

Sheet Calculations 2
A1: SKU | B1: Weekly_Picks | C1: %_of_Total | D1: Cumulative_% | E1: ABC_Class
A2: SKU-1001 | B2: =VLOOKUP(A2,Data_Raw!$A:$C,3,FALSE) -> 420 | C2: =B2/SUM($B$2:$B$31) -> 0.088794926 | D2: =SUM($C$2:C2) -> 0.088794926 | E2: =IF(D2<=0.7,"A",IF(D2<=0.9,"B","C")) -> A
A3: SKU-1051 | B3: =VLOOKUP(A3,Data_Raw!$A:$C,3,FALSE) -> 410 | C3: =B3/SUM($B$2:$B$31) -> 0.086680761 | D3: =SUM($C$2:C3) -> 0.17547569 | E3: =IF(D3<=0.7,"A",IF(D3<=0.9,"B","C")) -> A
A4: SKU-1002 | B4: =VLOOKUP(A4,Data_Raw!$A:$C,3,FALSE) -> 380 | C4: =B4/SUM($B$2:$B$31) -> 0.080338266 | D4: =SUM($C$2:C4) -> 0.25581395 | E4: =IF(D4<=0.7,"A",IF(D4<=0.9,"B","C")) -> A
A5: SKU-1058 | B5: =VLOOKUP(A5,Data_Raw!$A:$C,3,FALSE) -> 360 | C5: =B5/SUM($B$2:$B$31) -> 0.076109937 | D5: =SUM($C$2:C5) -> 0.33192389 | E5: =IF(D5<=0.7,"A",IF(D5<=0.9,"B","C")) -> A
A6: SKU-1090 | B6: =VLOOKUP(A6,Data_Raw!$A:$C,3,FALSE) -> 260 | C6: =B6/SUM($B$2:$B$31) -> 0.054968288 | D6: =SUM($C$2:C6) -> 0.38689218 | E6: =IF(D6<=0.7,"A",IF(D6<=0.9,"B","C")) -> A
A7: SKU-1097 | B7: =VLOOKUP(A7,Data_Raw!$A:$C,3,FALSE) -> 240 | C7: =B7/SUM($B$2:$B$31) -> 0.050739958 | D7: =SUM($C$2:C7) -> 0.43763214 | E7: =IF(D7<=0.7,"A",IF(D7<=0.9,"B","C")) -> A
A8: SKU-1201 | B8: =VLOOKUP(A8,Data_Raw!$A:$C,3,FALSE) -> 230 | C8: =B8/SUM($B$2:$B$31) -> 0.048625793 | D8: =SUM($C$2:C8) -> 0.48625793 | E8: =IF(D8<=0.7,"A",IF(D8<=0.9,"B","C")) -> A
A9: SKU-1120 | B9: =VLOOKUP(A9,Data_Raw!$A:$C,3,FALSE) -> 210 | C9: =B9/SUM($B$2:$B$31) -> 0.044397463 | D9: =SUM($C$2:C9) -> 0.53065539 | E9: =IF(D9<=0.7,"A",IF(D9<=0.9,"B","C")) -> A
A10: SKU-1194 | B10: =VLOOKUP(A10,Data_Raw!$A:$C,3,FALSE) -> 190 | C10: =B10/SUM($B$2:$B$31) -> 0.040169133 | D10: =SUM($C$2:C10) -> 0.57082452 | E10: =IF(D10<=0.7,"A",IF(D10<=0.9,"B","C")) -> A
A11: SKU-1105 | B11: =VLOOKUP(A11,Data_Raw!$A:$C,3,FALSE) -> 180 | C11: =B11/SUM($B$2:$B$31) -> 0.038054968 | D11: =SUM($C$2:C11) -> 0.60887949 | E11: =IF(D11<=0.7,"A",IF(D11<=0.9,"B","C")) -> A
A12: SKU-1267 | B12: =VLOOKUP(A12,Data_Raw!$A:$C,3,FALSE) -> 175 | C12: =B12/SUM($B$2:$B$31) -> 0.036997886 | D12: =SUM($C$2:C12) -> 0.64587738 | E12: =IF(D12<=0.7,"A",IF(D12<=0.9,"B","C")) -> A
A13: SKU-1259 | B13: =VLOOKUP(A13,Data_Raw!$A:$C,3,FALSE) -> 160 | C13: =B13/SUM($B$2:$B$31) -> 0.033826638 | D13: =SUM($C$2:C13) -> 0.67970402 | E13: =IF(D13<=0.7,"A",IF(D13<=0.9,"B","C")) -> A
... A31: SKU-1150 | B31: =VLOOKUP(A31,Data_Raw!$A:$C,3,FALSE) -> 30 | C31: =B31/SUM($B$2:$B$31) -> 0.0063424947 | D31: =SUM($C$2:C31) -> 1 | E31: =IF(D31<=0.7,"A",IF(D31<=0.9,"B","C")) -> C

Sheet Pivot_Summary
A1: Category | B1: (All) | F1: KPI Title
A2: Handling_Type | B2: (All) | F2: Over Capacity | G2: =COUNTIF(Data_Raw!H:H,"Over Capacity") -> 24
A3: Hazmat_YN | B3: (All) | F3: At Capacity | G3: =COUNTIF(Data_Raw!H:H,"At Capacity") -> 4
F4: Hazmat Risk | G4: =COUNTIF(Data_Raw!H:H,"Hazmat Risk") -> 2
A5: Row Labels | B5: Sum of Weekly_Picks | C5: SKU_Count | D5: %_of_Volume | F5: Total SKUs | G5: =COUNTA(Data_Raw!A:A)-1 -> 30
A6: Fast | B6: 3030 | C6: 11 | D6: 0.64059197 | F6: % SKUs Over Capacity | G6: =COUNTIF(Data_Raw!H:H,"Over Capacity") / (COUNTA(Data_Raw!A:A)-1) -> 0.8
A7: Medium | B7: 1365 | C7: 12 | D7: 0.28858351
A8: Slow | B8: 335 | C8: 7 | D8: 0.070824524
A9: Grand Total | B9: 4730 | C9: 30 | D9: 1
A13: Congestion Risk
A14: Count of SKU | B14: Column Labels
A15: Row Labels | B15: At Capacity | C15: Hazmat Risk | D15: Over Capacity | E15: (blank) | F15: Grand Total
A16: Fast | B16: 4 | C16: 2 | D16: 5 | F16: 11
A17: Medium | D17: 12 | F17: 12
A18: Slow | D18: 7 | F18: 7
A19: Reserve
A20: Grand Total | B20: 4 | C20: 2 | D20: 24 | F20: 30
A22: Hazmat Exposure Pivot
A23: Count of SKU | B23: Column Labels
A24: Row Labels | B24: N | C24: Y | D24: (blank) | E24: Grand Total
A25: Fast | B25: 9 | C25: 2 | E25: 11
A26: Medium | B26: 12 | E26: 12
A27: Slow | B27: 7 | E27: 7
A28: (blank)
A29: Grand Total | B29: 28 | C29: 2 | E29: 30
